"UNIPROT","Symbol","logFC","adj.P.Val","degree","betweenness","CDS","rank_base","rank_sd","rank_min","rank_max","robustness_label","Symbol_biomat","Protein_Description","GO_BP","GO_CC","GO_MF","Theme_Vesicle_Trafficking","Theme_Motility_Signaling","Theme_Cell_Adhesion","Theme_Immune_Evasion","Num_Themes_Match","Localization","PubMed_hits"
"O00159","MYO1C",-0.0673810971478233,0.763934098263432,12,141.297437133652,0.156850580482871,57,0.99,56,59,"robust_candidate","MYO1C","myosin IC [Source:HGNC Symbol;Acc:HGNC:7597]","positive regulation of cell migration; actin filament organization; endocytosis; actin filament-based movement; vascular endothelial growth factor signaling pathway; protein targeting to membrane; regulation of bicellular tight junction assembly; chromatin remodeling; positive regulation of transcription by RNA polymerase I; positive regulation of transcription by RNA polymerase II; vesicle transport along actin filament; cellular response to type II interferon; positive regulation of protein targeting to membrane; positive regulation of cellular response to insulin stimulus","myosin complex; nucleus; cytoplasm; plasma membrane; membrane; cell projection; nuclear body; cytoplasmic vesicle; nucleoplasm; membrane raft; nucleolus; cell cortex; microvillus; plasma membrane bounded cell projection; actin filament; stereocilium membrane; cytosol; actin cytoskeleton; filamentous actin; unconventional myosin complex; brush border; cytoplasmic vesicle membrane; phagocytic vesicle","ATP binding; protein binding; cytoskeletal motor activity; signaling receptor binding; nucleotide binding; actin binding; calmodulin binding; small GTPase binding; actin filament binding; microfilament motor activity",TRUE,TRUE,TRUE,TRUE,4,"membrane",1
"O00468","AGRN",2.97574090601907,0.000154600782520307,10,0.333333333333333,0.499976901800435,13,0.59,13,15,"robust_candidate","AGRN","agrin [Source:HGNC Symbol;Acc:HGNC:329]","receptor clustering; nervous system development; signal transduction; cell differentiation; positive regulation of transcription by RNA polymerase II; synapse organization; membrane organization; synaptic signaling; cytoskeleton organization; positive regulation of GTPase activity; G protein-coupled acetylcholine receptor signaling pathway; clustering of voltage-gated sodium channels; neuromuscular junction development; positive regulation of filopodium assembly","extracellular region; plasma membrane; membrane; synapse; basement membrane; extracellular matrix; lysosomal lumen; Golgi lumen","protein binding; calcium ion binding; laminin binding; metal ion binding; structural constituent of cytoskeleton; dystroglycan binding; extracellular matrix structural constituent; sialic acid binding; chondroitin sulfate binding; heparan sulfate proteoglycan binding",FALSE,TRUE,TRUE,FALSE,2,"extracellular",1
"O00571","DDX3X",0.415603403972018,0.548724292840006,4,0,0.0815262155741373,67,0.44,67,68,"robust_candidate","DDX3X","DEAD-box helicase 3 X-linked [Source:HGNC Symbol;Acc:HGNC:2745]","apoptotic process; Wnt signaling pathway; negative regulation of apoptotic process; regulation of translation; negative regulation of translation; positive regulation of apoptotic process; intracellular signal transduction; immune system process; innate immune response; stress granule assembly; positive regulation of translational initiation; negative regulation of protein-containing complex assembly; positive regulation of transcription by RNA polymerase II; translational initiation; chromosome segregation; negative regulation of cell growth; negative regulation of intrinsic apoptotic signaling pathway; positive regulation of NLRP3 inflammasome complex assembly; response to virus; intrinsic apoptotic signaling pathway; negative regulation of non-canonical NF-kappaB signal transduction; negative regulation of extrinsic apoptotic signaling pathway via death domain receptors; cell differentiation; cellular response to virus; positive regulation of translation; positive regulation of canonical Wnt signaling pathway; positive regulation of protein K63-linked ubiquitination; positive regulation of G1/S transition of mitotic cell cycle; positive regulation of gene expression; cellular response to osmotic stress; cytoplasmic pattern recognition receptor signaling pathway; positive regulation of non-canonical NF-kappaB signal transduction; positive regulation of cell growth; gamete generation; negative regulation of gene expression; positive regulation of toll-like receptor 7 signaling pathway; positive regulation of toll-like receptor 8 signaling pathway; positive regulation of viral genome replication; lipid homeostasis; cellular response to arsenic-containing substance; positive regulation of chemokine (C-C motif) ligand 5 production; protein localization to cytoplasmic stress granule","nucleus; cytoplasm; plasma membrane; membrane; cell projection; cytosol; cytoskeleton; lamellipodium; centrosome; extracellular region; mitochondrion; eukaryotic translation initiation factor 3 complex; cytosolic small ribosomal subunit; cell leading edge; canonical inflammasome complex; NLRP3 inflammasome complex; secretory granule lumen; ficolin-1-rich granule lumen; P granule","ATP binding; nucleic acid binding; RNA helicase activity; RNA binding; hydrolase activity; nucleotide binding; DNA binding; protein binding; helicase activity; mRNA binding; ATP hydrolysis activity; signaling adaptor activity; protein serine/threonine kinase activator activity; DNA helicase activity; poly(A) binding; cadherin binding; translation initiation factor binding; RNA stem-loop binding; mRNA 5'-UTR binding; transcription factor binding; GTPase activity; eukaryotic initiation factor 4E binding; ribonucleoside triphosphate phosphatase activity; RNA strand annealing activity; gamma-tubulin binding; ribosomal small subunit binding; CTPase activity",FALSE,FALSE,FALSE,FALSE,0,"extracellular",5
"O14907","TAX1BP3",-0.914968319307427,0.0121154556552722,2,0,0.152600655874197,59,1.8,54,59,"weight_sensitive_candidate","TAX1BP3","Tax1 binding protein 3 [Source:HGNC Symbol;Acc:HGNC:30684]","Wnt signaling pathway; Rho protein signal transduction; negative regulation of Wnt signaling pathway; negative regulation of cell population proliferation; negative regulation of protein localization to cell surface","nucleus; cytoplasm; plasma membrane; membrane; fibrillar center; actin cytoskeleton; cytosol","protein binding; beta-catenin binding",FALSE,TRUE,FALSE,FALSE,1,"membrane",0
"O60610","DIAPH1",-0.0515909629482678,0.913943393471097,8,0,0.080376298204843,68,0.67,67,70,"robust_candidate","DIAPH1","diaphanous related formin 1 [Source:HGNC Symbol;Acc:HGNC:2876]","actin cytoskeleton organization; cellular component organization; regulation of cell shape; sensory perception of sound; cytoskeleton organization; regulation of cytoskeleton organization; regulation of microtubule-based process; actin filament polymerization; protein localization to microtubule; regulation of release of sequestered calcium ion into cytosol; cellular response to histamine","nucleus; cytoplasm; plasma membrane; membrane; cell projection; cytoskeleton; spindle; centrosome; cytosol; actin filament; secretory granule membrane; mitotic spindle","small GTPase binding; actin binding; RNA binding; protein binding; transmembrane transporter binding; signaling receptor binding",FALSE,TRUE,FALSE,FALSE,1,"membrane",2
"P01111","NRAS",1.48801438346512,0.372305707489942,10,31.3794082345484,0.27175249180383,38,0.94,37,40,"robust_candidate","NRAS","NRAS proto-oncogene, GTPase [Source:HGNC Symbol;Acc:HGNC:7989]","signal transduction; MAPK cascade; Ras protein signal transduction; positive regulation of endothelial cell proliferation","membrane; plasma membrane; Golgi apparatus; endoplasmic reticulum membrane; cytosol; tertiary granule membrane","GTPase activity; GTP binding; hydrolase activity; nucleotide binding; protein binding; G protein activity; protein-containing complex binding; GDP binding",FALSE,FALSE,FALSE,FALSE,0,"membrane",21
"P02751","FN1",5.71190413653133,3.23875287666273e-05,36,301.48716075686,0.907275336207019,1,0,1,1,"robust_candidate","FN1","fibronectin 1 [Source:HGNC Symbol;Acc:HGNC:3778]","cell adhesion; angiogenesis; regulation of cell shape; positive regulation of gene expression; positive regulation of cell population proliferation; acute-phase response; response to wounding; nervous system development; integrin activation; heart development; positive regulation of phosphatidylinositol 3-kinase/protein kinase B signal transduction; integrin-mediated signaling pathway; endothelial cell migration; positive regulation of fibroblast proliferation; regulation of protein phosphorylation; substrate adhesion-dependent cell spreading; cell-matrix adhesion; biological process involved in interaction with symbiont; cell-substrate junction assembly; endodermal cell differentiation; negative regulation of transforming growth factor beta production; blood coagulation, fibrin clot formation; negative regulation of monocyte activation; neural crest cell migration involved in autonomic nervous system development; positive regulation of substrate-dependent cell migration, cell attachment to substrate; autophagy; calcium-independent cell-matrix adhesion; negative regulation of autophagy; response to muscle activity; wound healing; positive regulation of axon extension","extracellular region; extracellular space; extracellular matrix; endoplasmic reticulum-Golgi intermediate compartment; plasma membrane; blood microparticle; endoplasmic reticulum lumen; platelet alpha granule lumen; fibrinogen complex; basement membrane","protein binding; signaling receptor binding; integrin binding; heparin binding; identical protein binding; protease binding; collagen binding; extracellular matrix structural constituent; proteoglycan binding; peptidase activator activity; receptor ligand activity",FALSE,TRUE,TRUE,FALSE,2,"extracellular",48
"P05556","ITGB1",3.05007125354915,6.47675261860327e-05,36,253.391628922579,0.653018365402943,6,0,6,6,"robust_candidate","ITGB1","integrin subunit beta 1 [Source:HGNC Symbol;Acc:HGNC:6153]","regulation of biological quality; positive regulation of cell migration; cell adhesion; angiogenesis; regulation of developmental process; integrin-mediated signaling pathway; cell adhesion mediated by integrin; symbiont entry into host cell; receptor internalization; CD40 signaling pathway; leukocyte tethering or rolling; muscle organ development; myoblast fusion; cell-matrix adhesion; heterotypic cell-cell adhesion; mesodermal cell differentiation; positive regulation of vascular endothelial growth factor signaling pathway; cell-substrate adhesion; positive regulation of GTPase activity; cell migration; positive regulation of protein localization to plasma membrane; negative regulation of vasoconstriction; positive regulation of phosphatidylinositol 3-kinase/protein kinase B signal transduction; cell-cell adhesion; positive regulation of angiogenesis; extracellular matrix organization; maintenance of blood-brain barrier; positive regulation of wound healing; cellular defense response; homophilic cell adhesion via plasma membrane adhesion molecules; phagocytosis; regulation of spontaneous synaptic transmission; wound healing, spreading of epidermal cells; cellular response to low-density lipoprotein particle stimulus; leukocyte cell-cell adhesion; calcium-independent cell-matrix adhesion; positive regulation of apoptotic process; positive regulation of glutamate uptake involved in transmission of nerve impulse; reactive gliosis; establishment of mitotic spindle orientation; cell projection organization; lamellipodium assembly; B cell differentiation; cell-cell adhesion mediated by integrin; myoblast differentiation; positive regulation of fibroblast growth factor receptor signaling pathway; negative regulation of anoikis; neuroblast proliferation; cell population proliferation; central nervous system neuron differentiation; G1/S transition of mitotic cell cycle; in utero embryonic development; cell migration involved in sprouting angiogenesis; positive regulation of neuroblast proliferation; autophagy; germ cell migration; negative regulation of autophagy; formation of radial glial scaffolds; neuron projection development; negative regulation of Rho protein signal transduction; sarcomere organization; negative regulation of neuron differentiation; myoblast fate specification; axon extension; dendrite morphogenesis; regulation of cell cycle; cardiac muscle cell differentiation; cardiac muscle cell myoblast differentiation; cardiac cell fate specification; response to muscle activity; modulation of chemical synaptic transmission; basement membrane organization; regulation of synapse pruning","cytoplasm; plasma membrane; membrane; cell projection; synapse; endosome; focal adhesion; anchoring junction; lamellipodium; filopodium; recycling endosome; ruffle; integrin alpha9-beta1 complex; endosome membrane; receptor complex; membrane raft; integrin alpha10-beta1 complex; perinuclear region of cytoplasm; integrin complex; neuromuscular junction; glial cell projection; integrin alpha1-beta1 complex; integrin alpha2-beta1 complex; integrin alpha3-beta1 complex; integrin alpha4-beta1 complex; integrin alpha5-beta1 complex; integrin alpha6-beta1 complex; integrin alpha8-beta1 complex; integrin alpha11-beta1 complex; integrin alphav-beta1 complex; cytoplasmic vesicle; glutamatergic synapse; intercalated disc; myelin sheath abaxonal region; dendritic spine; synaptic membrane; integrin alpha7-beta1 complex","protein binding; calcium ion binding; metal ion binding; protein heterodimerization activity; virus receptor activity; protein-containing complex binding; protease binding; cell adhesion molecule binding; protein kinase binding; fibronectin binding; coreceptor activity; cadherin binding; integrin binding; actin binding; C-X3-C chemokine binding; laminin binding; protein tyrosine kinase binding; signaling receptor activity",TRUE,TRUE,TRUE,FALSE,3,"membrane",23
"P06702","S100A9",-4.8102987477412,0.000157989556201923,2,0,0.575030667580914,9,0.6,8,10,"robust_candidate","S100A9","S100 calcium binding protein A9 [Source:HGNC Symbol;Acc:HGNC:10499]","apoptotic process; autophagy; immune system process; innate immune response; defense response to bacterium; chemotaxis; cellular oxidant detoxification; inflammatory response; neutrophil chemotaxis; regulation of cytoskeleton organization; positive regulation of inflammatory response; positive regulation of intrinsic apoptotic signaling pathway; antimicrobial humoral immune response mediated by antimicrobial peptide; cell-cell signaling; positive regulation of cell growth; defense response to fungus; endothelial cell migration; positive regulation of neuron projection development; peptidyl-cysteine S-trans-nitrosylation; leukocyte migration involved in inflammatory response; regulation of toll-like receptor signaling pathway; astrocyte development; autocrine signaling; regulation of respiratory burst involved in inflammatory response","nucleus; cytoplasm; extracellular region; extracellular space; plasma membrane; membrane; cytosol; cytoskeleton; extracellular matrix; secretory granule lumen; calprotectin complex; S100A9 complex","calcium ion binding; metal ion binding; protein binding; zinc ion binding; antioxidant activity; microtubule binding; calcium-dependent protein binding; arachidonate binding; RAGE receptor binding; Toll-like receptor 4 binding",FALSE,TRUE,FALSE,FALSE,1,"extracellular",37
"P06748","NPM1",3.31134523684286,0.00863742369297787,16,149.658097839962,0.54121241717814,12,0.37,11,12,"robust_candidate","NPM1","nucleophosmin 1 [Source:HGNC Symbol;Acc:HGNC:7910]","negative regulation of cell population proliferation; positive regulation of macromolecule metabolic process; signal transduction; negative regulation of apoptotic process; DNA repair; regulation of cell population proliferation; intracellular protein transport; positive regulation of DNA-templated transcription; positive regulation of transcription by RNA polymerase II; protein localization; positive regulation of nucleobase-containing compound metabolic process; positive regulation of cell population proliferation; chromatin remodeling; protein import into nucleus; positive regulation of translation; nucleocytoplasmic transport; macrophage differentiation; centrosome cycle; nucleosome assembly; positive regulation of NF-kappaB transcription factor activity; ribosomal large subunit export from nucleus; ribosomal small subunit export from nucleus; cellular senescence; positive regulation of cell cycle G2/M phase transition; ribosome assembly; cellular response to UV; regulation of centrosome duplication; negative regulation of centrosome duplication; negative regulation of protein kinase activity by regulation of protein phosphorylation; regulation of centriole replication; regulation of endoribonuclease activity; regulation of eIF2 alpha phosphorylation by dsRNA; regulation of mRNA stability involved in cellular response to UV; regulation of cell growth; cell volume homeostasis; positive regulation of biosynthetic process; post-transcriptional regulation of gene expression; negative regulation of gene expression; positive regulation of protein ubiquitination; regulation of protein stability; regulation of DNA damage response, signal transduction by p53 class mediator; negative regulation of mRNA splicing, via spliceosome; protein stabilization; regulation of cell cycle; positive regulation of protein localization to nucleolus","nucleus; cytoplasm; membrane; nucleoplasm; cytoskeleton; focal adhesion; nucleolus; centrosome; cytosol; protein-containing complex; ribonucleoprotein complex; protein-DNA complex; granular component; spindle pole centrosome; nuclear speck; large ribosomal subunit; small ribosomal subunit","nucleic acid binding; RNA binding; protein binding; identical protein binding; protein homodimerization activity; histone binding; transcription coactivator activity; protein kinase binding; protein kinase inhibitor activity; unfolded protein binding; chromatin binding; molecular adaptor activity; Tat protein binding; NF-kappaB binding; DNA-binding transcription factor binding; core promoter sequence-specific DNA binding; rRNA binding; ribosomal large subunit binding; ribosomal small subunit binding",FALSE,FALSE,TRUE,FALSE,1,"intracellular",7
"P06756","ITGAV",2.30490813666285,0.000216355170911548,32,210.265510596461,0.556693589287674,10,0.79,9,12,"robust_candidate","ITGAV","integrin subunit alpha V [Source:HGNC Symbol;Acc:HGNC:6150]","cell adhesion; angiogenesis; calcium ion transmembrane transport; integrin-mediated signaling pathway; cell adhesion mediated by integrin; negative chemotaxis; tissue development; symbiont entry into host cell; cell-matrix adhesion; heterotypic cell-cell adhesion; formation of primary germ layer; apoptotic cell clearance; cell-substrate adhesion; positive regulation of cell population proliferation; blood vessel development; vasculogenesis; positive regulation of cytosolic calcium ion concentration; cell migration; positive regulation of cell migration; positive regulation of osteoblast proliferation; transforming growth factor beta production; extrinsic apoptotic signaling pathway in absence of ligand; cell-cell adhesion; positive regulation of intracellular signal transduction; substrate adhesion-dependent cell spreading; negative regulation of low-density lipoprotein particle clearance; endodermal cell differentiation; positive regulation of cell adhesion; negative regulation of extrinsic apoptotic signaling pathway; negative regulation of lipid transport; wound healing, spreading of epidermal cells; negative regulation of lipoprotein metabolic process; regulation of phagocytosis; positive regulation of small GTPase mediated signal transduction; entry into host cell by a symbiont-containing vacuole; negative regulation of entry of bacterium into host cell","integrin complex; plasma membrane; membrane; cytosol; focal adhesion; lamellipodium membrane; filopodium membrane; anchoring junction; integrin alphav-beta6 complex; microvillus membrane; integrin alphav-beta3 complex; integrin alphav-beta5 complex; specific granule membrane; alphav-beta3 integrin-PKCalpha complex; alphav-beta3 integrin-HMGB1 complex; integrin alphav-beta1 complex; phagocytic vesicle; integrin alphav-beta8 complex; alphav-beta3 integrin-IGF-1-IGF1R complex","metal ion binding; protein binding; integrin binding; virus receptor activity; protease binding; fibronectin binding; coreceptor activity; extracellular matrix binding; signaling receptor activity; opsonin binding; protein kinase C binding; signaling receptor binding; C-X3-C chemokine binding; neuregulin binding; transforming growth factor beta binding; extracellular matrix protein binding",TRUE,TRUE,TRUE,FALSE,3,"membrane",5
"P07737","PFN1",1.07587436041013,0.0312193034731491,14,49.4394192256342,0.298985541414861,34,0.55,33,35,"robust_candidate","PFN1","profilin 1 [Source:HGNC Symbol;Acc:HGNC:8881]","actin cytoskeleton organization; regulation of actin filament organization; protein stabilization; positive regulation of actin filament polymerization; positive regulation of epithelial cell migration; negative regulation of stress fiber assembly; positive regulation of ruffle assembly; regulation of actin filament polymerization; positive regulation of actin filament bundle assembly; neural tube closure; regulation of transcription by RNA polymerase II; negative regulation of actin filament bundle assembly; modulation of chemical synaptic transmission; synapse maturation","nucleus; cytoplasm; membrane; cytoskeleton; focal adhesion; cell cortex; cytosol; blood microparticle; glutamatergic synapse","actin binding; RNA binding; protein binding; phosphotyrosine residue binding; cadherin binding; actin monomer binding; phosphatidylinositol-4,5-bisphosphate binding; adenyl-nucleotide exchange factor activity; small GTPase binding",FALSE,TRUE,TRUE,FALSE,2,"intracellular",2
"P08134","RHOC",1.27506274532785,0.00334945325671794,14,71.0295454545454,0.355872335832977,27,0.73,25,28,"robust_candidate","RHOC","ras homolog family member C [Source:HGNC Symbol;Acc:HGNC:669]","small GTPase-mediated signal transduction; mitotic cytokinesis; positive regulation of cell migration; wound healing, spreading of cells; skeletal muscle satellite cell migration; positive regulation of canonical NF-kappaB signal transduction; signal transduction; regulation of actin cytoskeleton organization; actin filament organization; cell migration; positive regulation of protein-containing complex assembly; positive regulation of stress fiber assembly; apical junction assembly; positive regulation of lipase activity","plasma membrane; membrane; cytosol; endoplasmic reticulum membrane; nucleus","GTPase activity; GTP binding; nucleotide binding; protein binding; protein kinase binding",FALSE,TRUE,TRUE,TRUE,3,"membrane",1
"P0DP25","CALM3",-0.34421792054308,0.235988097217771,16,63.0993769302593,0.211276464348143,44,0.49,44,46,"robust_candidate","CALM3","calmodulin 3 [Source:HGNC Symbol;Acc:HGNC:1449]","G protein-coupled receptor signaling pathway; detection of calcium ion; regulation of heart rate; regulation of cytokinesis; long-term synaptic potentiation; calcineurin-mediated signaling; regulation of cell communication by electrical coupling involved in cardiac conduction; G2/M transition of mitotic cell cycle; regulation of calcium-mediated signaling; response to amphetamine; response to corticosterone; establishment of protein localization to membrane; establishment of protein localization to mitochondrial membrane; presynaptic endocytosis; regulation of synaptic vesicle endocytosis; negative regulation of calcium ion export across plasma membrane; regulation of synaptic vesicle exocytosis; substantia nigra development; regulation of release of sequestered calcium ion into cytosol by sarcoplasmic reticulum; regulation of cardiac muscle contraction; response to calcium ion; regulation of cardiac muscle cell action potential; negative regulation of high voltage-gated calcium channel activity","nucleus; cytoplasm; plasma membrane; cytoskeleton; vesicle; spindle; centrosome; spindle pole; sarcomere; mitochondrion; calcium channel complex; spindle microtubule; synaptic vesicle membrane; mitochondrial membrane; calyx of Held; membrane; growth cone; myelin sheath; sperm midpiece; voltage-gated potassium channel complex; protein-containing complex; catalytic complex","calcium ion binding; metal ion binding; kinase activity; protein binding; protein kinase binding; protein phosphatase activator activity; protein serine/threonine kinase activator activity; titin binding; protein domain specific binding; nitric-oxide synthase regulator activity; type 3 metabotropic glutamate receptor binding; phosphatidylinositol 3-kinase binding; transmembrane transporter binding; calcium-dependent protein binding; nitric-oxide synthase binding; transporter inhibitor activity; calcium channel regulator activity; adenylate cyclase binding",TRUE,FALSE,FALSE,TRUE,2,"membrane",2
"P11047","LAMC1",2.1503320550259,0.000154937358266977,18,1.78253968253968,0.469201209712569,17,0.89,16,19,"robust_candidate","LAMC1","laminin subunit gamma 1 [Source:HGNC Symbol;Acc:HGNC:6492]","cell adhesion; tissue development; maintenance of blood-brain barrier; cell migration; substrate adhesion-dependent cell spreading; endoderm development; protein-containing complex assembly; positive regulation of epithelial cell proliferation; positive regulation of cell adhesion; positive regulation of muscle cell differentiation; regulation of basement membrane organization; positive regulation of integrin-mediated signaling pathway; extracellular matrix disassembly; hemidesmosome assembly","extracellular region; extracellular space; basement membrane; extracellular matrix; laminin-1 complex; laminin-10 complex; endoplasmic reticulum lumen; laminin-11 complex; protein complex involved in cell-matrix adhesion","extracellular matrix structural constituent; extracellular matrix constituent conferring elasticity",FALSE,TRUE,TRUE,FALSE,2,"extracellular",6
"P11940","PABPC1",0.517935421774801,0.174880670574225,12,279.5,0.227597441788642,43,0,43,43,"robust_candidate","PABPC1","poly(A) binding protein cytoplasmic 1 [Source:HGNC Symbol;Acc:HGNC:8554]","mRNA splicing, via spliceosome; RNA splicing; mRNA processing; regulatory ncRNA-mediated gene silencing; negative regulation of nuclear-transcribed mRNA catabolic process, nonsense-mediated decay; positive regulation of nuclear-transcribed mRNA poly(A) tail shortening; positive regulation of nuclear-transcribed mRNA catabolic process, deadenylation-dependent decay; mRNA stabilization; positive regulation of viral genome replication; CRD-mediated mRNA stabilization; negative regulation of nuclear-transcribed mRNA catabolic process, deadenylation-dependent decay; positive regulation of cytoplasmic translation","nucleus; spliceosomal complex; cytoplasm; membrane; cell projection; focal adhesion; lamellipodium; ribonucleoprotein complex; cell leading edge; cytosol; catalytic step 2 spliceosome; cytoplasmic ribonucleoprotein granule; mCRD-mediated mRNA stability complex","RNA binding; nucleic acid binding; protein binding; mRNA 3'-UTR binding; poly(A) binding; poly(U) RNA binding; mRNA binding; translation activator activity",FALSE,FALSE,TRUE,FALSE,1,"intracellular",7
"P14923","JUP",-2.21089909884426,0.0014388081177562,2,0,0.30403620264859,33,1.64,32,38,"weight_sensitive_candidate","JUP","junction plakoglobin [Source:HGNC Symbol;Acc:HGNC:6207]","cell adhesion; positive regulation of angiogenesis; cell-cell adhesion; detection of mechanical stimulus; cellular response to indole-3-methanol; protein localization to plasma membrane; positive regulation of transcription by RNA polymerase II; desmosome assembly; canonical Wnt signaling pathway; positive regulation of cell-matrix adhesion; regulation of cell population proliferation; cell migration; regulation of heart rate by cardiac conduction; positive regulation of canonical Wnt signaling pathway; negative regulation of blood vessel endothelial cell migration; bundle of His cell-Purkinje myocyte adhesion involved in cell communication; regulation of ventricular cardiac muscle cell action potential; skin development","cytoplasm; nucleus; plasma membrane; membrane; cytoskeleton; focal adhesion; anchoring junction; extracellular region; cell-cell junction; adherens junction; catenin-TCF7L2 complex; desmosome; cytosol; ficolin-1-rich granule lumen; specific granule lumen; cytoplasmic side of plasma membrane; cornified envelope; intercalated disc; zonula adherens; protein-DNA complex; gamma-catenin-TCF7L2 complex; intermediate filament; Z disc","protein binding; cadherin binding; protein phosphatase binding; protein homodimerization activity; transcription coactivator activity; nuclear receptor binding; cell adhesion molecule binding; structural molecule activity; alpha-catenin binding; cell adhesive protein binding involved in bundle of His cell-Purkinje myocyte communication; cytoskeletal protein-membrane anchor activity",FALSE,TRUE,TRUE,FALSE,2,"extracellular",1
"P16070","CD44",1.70946175156405,0.000708128751407232,32,208.434558215509,0.483750355293662,16,0.77,14,18,"robust_candidate","CD44","CD44 molecule (IN blood group) [Source:HGNC Symbol;Acc:HGNC:1681]","cell adhesion; negative regulation of apoptotic process; cell migration; regulation of apoptotic process; cytokine-mediated signaling pathway; anatomical structure morphogenesis; system development; cell-cell adhesion; cartilage development; T cell activation; positive regulation of heterotypic cell-cell adhesion; cell-matrix adhesion; inflammatory response; wound healing, spreading of cells; cellular response to fibroblast growth factor stimulus; negative regulation of DNA damage response, signal transduction by p53 class mediator; negative regulation of intrinsic apoptotic signaling pathway in response to DNA damage by p53 class mediator; hyaluronan catabolic process; regulation of lamellipodium morphogenesis; positive regulation of monocyte aggregation","membrane; extracellular region; plasma membrane; cell projection; cytosol; Golgi apparatus; focal adhesion; lamellipodium membrane; protein-containing complex; microvillus; secretory granule membrane; macrophage migration inhibitory factor receptor complex","hyaluronic acid binding; protein binding; transmembrane signaling receptor activity; collagen binding; cytokine receptor activity",FALSE,TRUE,TRUE,TRUE,3,"extracellular",200
"P16144","ITGB4",1.98351511288602,0.000273634882900169,22,130.628560563923,0.494733180643667,14,0.72,13,15,"robust_candidate","ITGB4","integrin subunit beta 4 [Source:HGNC Symbol;Acc:HGNC:6158]","cell communication; cell-matrix adhesion; integrin-mediated signaling pathway; hemidesmosome assembly; cell motility; autophagy; cell adhesion; mesodermal cell differentiation; response to wounding; cell migration; cell-cell adhesion; cell adhesion mediated by integrin; skin morphogenesis; nail development; myelination in peripheral nervous system; filopodium assembly; trophoblast cell migration","membrane; integrin complex; plasma membrane; nuclear membrane; anchoring junction; nucleolus; cell junction; hemidesmosome; cell leading edge; receptor complex; focal adhesion; basement membrane","protein binding; metal ion binding; G protein-coupled receptor binding; integrin binding; neuregulin binding",FALSE,TRUE,TRUE,FALSE,2,"membrane",8
"P16671","CD36",-0.261180305008047,0.613529932435999,14,95,0.18390966611243,50,1.18,47,51,"robust_candidate","CD36","CD36 molecule (CD36 blood group) [Source:HGNC Symbol;Acc:HGNC:1663]","lipid transport; cell adhesion; receptor internalization; positive regulation of NLRP3 inflammasome complex assembly; positive regulation of angiogenesis; sensory perception of taste; triglyceride transport; negative regulation of angiogenesis; energy homeostasis; response to lipid; lipid storage; lipoprotein transport; fatty acid transport; positive regulation of protein localization to plasma membrane; positive regulation of canonical NF-kappaB signal transduction; positive regulation of gene expression; positive regulation of nitric oxide biosynthetic process; positive regulation of reactive oxygen species biosynthetic process; cellular response to amyloid-beta; blood coagulation; positive regulation of cytosolic calcium ion concentration; lipid metabolic process; positive regulation of cell-matrix adhesion; response to fatty acid; long-chain fatty acid import into cell; amyloid fibril formation; fatty acid metabolic process; cellular response to diacyl bacterial lipopeptide; amyloid-beta clearance by cellular catabolic process; receptor-mediated endocytosis; low-density lipoprotein particle clearance; regulation of protein-containing complex assembly; cholesterol transport; phagocytosis, engulfment; cellular response to low-density lipoprotein particle stimulus; long-chain fatty acid transport; long-chain fatty acid import across plasma membrane; short-chain fatty acid transport; cGMP-mediated signaling; intestinal cholesterol absorption; regulation of lipopolysaccharide-mediated signaling pathway; regulation of toll-like receptor signaling pathway; plasma lipoprotein particle clearance; intestinal absorption; response to linoleic acid; regulation of action potential; oxidised low-density lipoprotein particle clearance; lipid transport across blood-brain barrier; MAPK cascade; phagocytosis, recognition; response to bacterium; apoptotic cell clearance; positive regulation of MAPK cascade; defense response to Gram-positive bacterium; positive regulation of phagocytosis, engulfment; positive regulation of macrophage cytokine production; cellular response to bacterial lipopeptide; cellular response to lipopolysaccharide; cellular response to lipoteichoic acid; negative regulation of transcription by RNA polymerase II; cell surface receptor signaling pathway; negative regulation of gene expression; positive regulation of blood coagulation; cellular response to oxidative stress; response to stilbenoid; low-density lipoprotein particle mediated signaling; cellular response to hydroperoxide; regulation of removal of superoxide radicals; positive regulation of blood microparticle formation; positive regulation of reactive oxygen species metabolic process","membrane; extracellular space; plasma membrane; Golgi apparatus; collagen trimer; membrane raft; specific granule membrane; receptor complex; endocytic vesicle membrane; brush border membrane; platelet alpha granule membrane; caveola; phagocytic vesicle; cell periphery; apical part of cell","protein binding; amyloid-beta binding; lipid binding; cargo receptor activity; protein-containing complex binding; low-density lipoprotein particle receptor activity; low-density lipoprotein particle binding; transforming growth factor beta binding; lipoprotein particle binding; long-chain fatty acid transmembrane transporter activity; scavenger receptor activity; short-chain fatty acid transmembrane transporter activity; Toll-like receptor binding; oxidised low-density lipoprotein particle receptor activity; oleate transmembrane transporter activity; high-density lipoprotein particle binding; lipoteichoic acid immune receptor activity",TRUE,FALSE,TRUE,TRUE,3,"extracellular",51
"P17301","ITGA2",3.94950109445937,4.56355346937978e-05,22,35.6218145321771,0.689427505194107,5,0,5,5,"robust_candidate","ITGA2","integrin subunit alpha 2 [Source:HGNC Symbol;Acc:HGNC:6137]","cell adhesion; integrin-mediated signaling pathway; cell adhesion mediated by integrin; symbiont entry into host cell; cell-matrix adhesion; mesodermal cell differentiation; cell-substrate adhesion; cell-cell adhesion; blood coagulation; extracellular matrix organization; animal organ morphogenesis; response to hypoxia; positive regulation of leukocyte migration; substrate-dependent cell migration; hypotonic response; female pregnancy; response to xenobiotic stimulus; positive regulation of epithelial cell migration; response to amine; response to muscle activity; positive regulation of smooth muscle cell migration; mammary gland development; positive regulation of cell projection organization; positive regulation of collagen biosynthetic process; response to L-ascorbic acid; collagen-activated signaling pathway; skin morphogenesis; positive regulation of translation; positive regulation of cell adhesion; positive regulation of smooth muscle contraction; focal adhesion assembly; positive regulation of smooth muscle cell proliferation; positive regulation of positive chemotaxis; detection of mechanical stimulus involved in sensory perception of pain; positive regulation of transmission of nerve impulse; positive regulation of phagocytosis, engulfment; response to parathyroid hormone; cellular response to mechanical stimulus; cellular response to estradiol stimulus","integrin complex; membrane; focal adhesion; plasma membrane; integrin alpha2-beta1 complex; presynapse; axon; cell projection; axon terminus; basal part of cell; perinuclear region of cytoplasm","metal ion binding; protein binding; virus receptor activity; protein-containing complex binding; collagen binding; signaling receptor activity; amyloid-beta binding; heparan sulfate proteoglycan binding; integrin binding; laminin binding",FALSE,TRUE,TRUE,FALSE,2,"membrane",10
"P18827","SDC1",-2.09656178108388,0.35738145382966,14,4.87380952380952,0.332493704087498,31,0.69,29,31,"robust_candidate","SDC1","syndecan 1 [Source:HGNC Symbol;Acc:HGNC:10658]","positive regulation of exosomal secretion; cell migration; positive regulation of extracellular exosome assembly; canonical Wnt signaling pathway; receptor-mediated endocytosis; myoblast development; striated muscle cell development","membrane; extracellular region; plasma membrane; lysosomal lumen; Golgi lumen","protein binding; identical protein binding; cargo receptor activity",TRUE,TRUE,FALSE,FALSE,2,"extracellular",16
"P21926","CD9",-1.67772995643685,0.0436006914192415,18,8.94920634920635,0.348949336154991,28,0.55,27,29,"robust_candidate","CD9","CD9 molecule [Source:HGNC Symbol;Acc:HGNC:1709]","nervous system development; cell differentiation; cell adhesion; single fertilization; receptor internalization; platelet activation; myoblast fusion involved in skeletal muscle regeneration; fusion of sperm to egg plasma membrane involved in single fertilization; sperm-egg recognition; cellular response to low-density lipoprotein particle stimulus; negative regulation of platelet aggregation; glial cell migration; paranodal junction assembly; cell population proliferation; negative regulation of cell population proliferation; oligodendrocyte development; regulation of macrophage migration","membrane; extracellular region; extracellular space; plasma membrane; focal adhesion; endocytic vesicle membrane; extracellular vesicle; clathrin-coated endocytic vesicle membrane; platelet alpha granule membrane; protein-containing complex","protein binding; integrin binding",TRUE,TRUE,TRUE,FALSE,3,"extracellular",927
"P23229","ITGA6",1.56154925940134,0.000422556994861413,22,30.2864776468401,0.435864359949147,22,0.59,20,23,"robust_candidate","ITGA6","integrin subunit alpha 6 [Source:HGNC Symbol;Acc:HGNC:6142]","cell adhesion; integrin-mediated signaling pathway; cell-matrix adhesion; cell-substrate adhesion; positive regulation of GTPase activity; positive regulation of transcription by RNA polymerase II; positive regulation of cell migration; cell-cell adhesion; positive regulation of neuron projection development; skin morphogenesis; negative regulation of extrinsic apoptotic signaling pathway; positive regulation of apoptotic process; nail development; cell-substrate junction assembly; leukocyte migration","integrin complex; plasma membrane; membrane; focal adhesion; integrin alpha6-beta1 complex; integrin alpha6-beta4 complex","metal ion binding; protein binding; cadherin binding; signaling receptor activity; neuregulin binding",FALSE,TRUE,TRUE,FALSE,2,"membrane",13
"P23528","CFL1",1.08753009426028,0.00368134428070063,14,55.5711245573395,0.335052128361488,30,0.65,29,31,"robust_candidate","CFL1","cofilin 1 [Source:HGNC Symbol;Acc:HGNC:1874]","actin filament depolymerization; negative regulation of apoptotic process; actin polymerization or depolymerization; response to virus; cytoskeleton organization; regulation of cell morphogenesis; establishment of spindle localization; Rho protein signal transduction; actin cytoskeleton organization; actin filament severing; mitotic cytokinesis; positive regulation of embryonic development; positive regulation by host of viral process; neural crest cell migration; neural fold formation; actin filament organization; establishment of cell polarity; cell projection organization; response to amino acid; cell motility; protein import into nucleus; negative regulation of cell adhesion; response to activity; hippocampus development; actin filament fragmentation; positive regulation of cell growth; negative regulation of actin filament depolymerization; positive regulation of actin filament depolymerization; positive regulation of synaptic plasticity; negative regulation of actin filament bundle assembly; positive regulation of proteolysis; modulation of chemical synaptic transmission; negative regulation of unidimensional cell growth; positive regulation of focal adhesion assembly; positive regulation of dendritic spine development; regulation of dendritic spine morphogenesis; cellular response to interleukin-1; cellular response to interleukin-6; cellular response to tumor necrosis factor; cellular response to ether; cellular response to epidermal growth factor stimulus; negative regulation of dendritic spine maintenance; positive regulation of protein localization to cell leading edge; negative regulation of postsynaptic density organization; cellular response to insulin-like growth factor stimulus; negative regulation of cell motility; positive regulation of cell motility; positive regulation of establishment of cell polarity regulating cell shape; positive regulation of barbed-end actin filament capping","actin cytoskeleton; nucleus; cytoplasm; extracellular space; plasma membrane; membrane; cell projection; cytoskeleton; focal adhesion; lamellipodium membrane; axon; growth cone; lamellipodium; vesicle; cytosol; glutamatergic synapse; cell-cell junction; filopodium; cortical actin cytoskeleton; cell leading edge; mitochondrial membrane; neuronal cell body; dendritic spine; cofilin-actin rod; synaptic membrane","actin binding; protein binding; actin filament binding; signaling receptor binding; protein phosphatase binding; phosphatidylinositol bisphosphate binding",TRUE,TRUE,TRUE,TRUE,4,"extracellular",3
"P23588","EIF4B",0.574526441233903,0.466113663598838,4,0,0.0985403463323908,65,0.31,65,66,"robust_candidate","EIF4B","eukaryotic translation initiation factor 4B [Source:HGNC Symbol;Acc:HGNC:3285]","translation; translational initiation; formation of translation preinitiation complex; regulation of translational initiation; eukaryotic translation initiation factor 4F complex assembly","cytosol","RNA binding; nucleic acid binding; protein binding; translation initiation factor activity; ribosomal small subunit binding; RNA strand annealing activity; RNA strand-exchange activity",FALSE,FALSE,FALSE,FALSE,0,"intracellular",3
"P26006","ITGA3",3.22575578432546,4.77074827847492e-05,20,29.9531443135068,0.615239988292851,7,0,7,7,"robust_candidate","ITGA3","integrin subunit alpha 3 [Source:HGNC Symbol;Acc:HGNC:6139]","cell adhesion; regulation of signal transduction; cell differentiation; integrin-mediated signaling pathway; system development; system process; Rho protein signal transduction; neuron migration; memory; negative regulation of Rho protein signal transduction; exploration behavior; dendritic spine maintenance; heart development; response to xenobiotic stimulus; positive regulation of gene expression; positive regulation of epithelial cell migration; positive regulation of cell-substrate adhesion; positive regulation of neuron projection development; negative regulation of cell projection organization; response to gonadotropin; maternal process involved in female pregnancy; postsynapse organization; regulation of Wnt signaling pathway; mesodermal cell differentiation; positive regulation of protein localization to plasma membrane; cell-cell adhesion; nephron development; cell-matrix adhesion; regulation of transforming growth factor beta receptor signaling pathway; skin development; lung development; regulation of BMP signaling pathway; leukocyte migration; renal filtration","integrin complex; plasma membrane; membrane; cell projection; focal adhesion; filopodium membrane; anchoring junction; cell periphery; neuromuscular junction; postsynaptic membrane; presynaptic active zone membrane; glutamatergic synapse; growth cone; synapse; perinuclear region of cytoplasm; excitatory synapse; synaptic membrane; growth cone filopodium; integrin alpha3-beta1 complex; receptor complex","protein binding; metal ion binding; protein heterodimerization activity; protease binding; fibronectin binding; integrin binding; collagen binding; protein domain specific binding; laminin binding; protein-containing complex binding; signaling receptor activity",FALSE,TRUE,TRUE,FALSE,2,"membrane",6
"P26368","U2AF2",-0.326217418369012,0.618335529585652,4,0,0.0715177674142549,70,0.39,69,71,"robust_candidate","U2AF2","U2 small nuclear RNA auxiliary factor 2 [Source:HGNC Symbol;Acc:HGNC:23156]","mRNA processing; RNA splicing; negative regulation of mRNA splicing, via spliceosome; mRNA splicing, via spliceosome; positive regulation of RNA splicing; spliceosomal complex assembly; negative regulation of protein ubiquitination","nucleus; spliceosomal complex; nuclear speck; nucleoplasm; Prp19 complex; U2-type prespliceosome; U2AF complex","RNA binding; nucleic acid binding; protein binding; enzyme binding; molecular function inhibitor activity; poly-pyrimidine tract binding; pre-mRNA 3'-splice site binding; C2H2 zinc finger domain binding",FALSE,FALSE,FALSE,FALSE,0,"intracellular",6
"P26599","PTBP1",-0.766290933983903,0.0946828648384656,8,2.5,0.193142152291116,47,0.67,46,48,"robust_candidate","PTBP1","polypyrimidine tract binding protein 1 [Source:HGNC Symbol;Acc:HGNC:9583]","mRNA processing; RNA splicing; gene expression; negative regulation of mRNA splicing, via spliceosome; negative regulation of RNA splicing; negative regulation of mRNA metabolic process; regulation of RNA splicing; IRES-dependent viral translational initiation; negative regulation of muscle cell differentiation; regulation of cell differentiation; positive regulation of calcineurin-NFAT signaling cascade; neurogenesis; positive regulation of transcription by RNA polymerase II; negative regulation of neuron differentiation","nucleus; membrane; nucleoplasm; nucleolus","RNA binding; nucleic acid binding; protein binding; mRNA binding; pre-mRNA binding; poly-pyrimidine tract binding",FALSE,FALSE,FALSE,FALSE,0,"intracellular",11
"P28482","MAPK1",0.131577872102902,0.654468952507214,12,142.939253883371,0.165240604355345,54,0.95,52,56,"robust_candidate","MAPK1","mitogen-activated protein kinase 1 [Source:HGNC Symbol;Acc:HGNC:6871]","protein phosphorylation; apoptotic process; cell surface receptor signaling pathway; cellular response to amino acid starvation; regulation of protein stability; regulation of transcription by RNA polymerase II; epidermal growth factor receptor signaling pathway; positive regulation of telomere maintenance; regulation of stress-activated MAPK cascade; stress-activated MAPK cascade; regulation of cytoskeleton organization; response to epidermal growth factor; caveolin-mediated endocytosis; regulation of Golgi inheritance; regulation of early endosome to late endosome transport; chemokine-mediated signaling pathway; intracellular signal transduction; chemotaxis; signal transduction; chemical synaptic transmission; peptidyl-threonine phosphorylation; positive regulation of neuroinflammatory response; learning or memory; MAPK cascade; interleukin-34-mediated signaling pathway; DNA damage response; heart development; animal organ morphogenesis; neural crest cell development; cytosine metabolic process; regulation of ossification; regulation of cellular pH; thyroid gland development; lipopolysaccharide-mediated signaling pathway; response to lipopolysaccharide; mammary gland epithelial cell proliferation; response to exogenous dsRNA; negative regulation of cell differentiation; thymus development; T cell receptor signaling pathway; B cell receptor signaling pathway; Bergmann glial cell differentiation; long-term synaptic potentiation; face development; lung morphogenesis; trachea formation; labyrinthine layer blood vessel development; cardiac neural crest cell development involved in heart development; cellular response to tumor necrosis factor; insulin receptor signaling pathway; Schwann cell development; response to nicotine; ERBB signaling pathway; ERBB2-ERBB3 signaling pathway; myelination; insulin-like growth factor receptor signaling pathway","nucleus; cytoplasm; plasma membrane; membrane; Golgi apparatus; nucleoplasm; mitochondrion; cytosol; cytoskeleton; focal adhesion; anchoring junction; synapse; ciliary basal body; cilium; microtubule cytoskeleton; late endosome; spindle; early endosome; centrosome; extracellular region; mitotic spindle; caveola; ficolin-1-rich granule lumen; endoplasmic reticulum lumen; azurophil granule lumen; pseudopodium","ATP binding; protein kinase activity; MAP kinase activity; transferase activity; nucleotide binding; protein serine/threonine kinase activity; kinase activity; DNA binding; protein binding; identical protein binding; phosphatase binding; RNA polymerase II CTD heptapeptide repeat kinase activity; phosphotyrosine residue binding",FALSE,TRUE,TRUE,FALSE,2,"extracellular",37
"P30153","PPP2R1A",0.691686750544797,0.0383105738920348,2,0,0.114068276710325,61,0.66,61,63,"robust_candidate","PPP2R1A","protein phosphatase 2 scaffold subunit Aalpha [Source:HGNC Symbol;Acc:HGNC:9302]","regulation of cell differentiation; intracellular signal transduction; chromosome segregation; meiotic sister chromatid cohesion, centromeric; negative regulation of hippo signaling; transcription by RNA polymerase II; regulation of growth; protein-containing complex assembly; female meiotic nuclear division; meiotic spindle elongation; mitotic sister chromatid separation; regulation of meiotic cell cycle process involved in oocyte maturation; positive regulation of extrinsic apoptotic signaling pathway in absence of ligand; T cell homeostasis; negative regulation of phosphatidylinositol 3-kinase/protein kinase B signal transduction; transcription elongation by RNA polymerase II; spindle assembly","nucleus; cytoplasm; plasma membrane; membrane; cell projection; mitochondrion; cytosol; chromosome; dendrite; FAR/SIN/STRIPAK complex; chromosome, centromeric region; neuron projection; microtubule cytoskeleton; neuronal cell body; chromatin; synapse; glutamatergic synapse","protein binding; protein heterodimerization activity; protein phosphatase regulator activity; protein serine/threonine phosphatase activity; protein antigen binding",FALSE,FALSE,FALSE,FALSE,0,"membrane",1
"P31431","SDC4",3.50413506464376,0.0042667087774112,6,0,0.461815906048611,19,1.21,16,22,"robust_candidate","SDC4","syndecan 4 [Source:HGNC Symbol;Acc:HGNC:10661]","positive regulation of exosomal secretion; cell migration; positive regulation of extracellular exosome assembly; neural tube closure; wound healing; inner ear receptor cell stereocilium organization; ureteric bud development; negative regulation of T cell proliferation; positive regulation of stress fiber assembly; positive regulation of focal adhesion assembly","membrane; extracellular region; plasma membrane; lysosomal lumen; Golgi lumen; focal adhesion; costamere","protein binding; identical protein binding; fibronectin binding; protein kinase C binding",TRUE,TRUE,TRUE,FALSE,3,"extracellular",12
"P31948","STIP1",0.536782178550087,0.124351699438238,8,95,0.199499177470171,45,0.83,45,47,"robust_candidate","STIP1","stress induced phosphoprotein 1 [Source:HGNC Symbol;Acc:HGNC:11387]","","nucleus; cytoplasm; protein-containing complex; protein folding chaperone complex; cytosol; Golgi apparatus","protein binding; RNA binding; Hsp90 protein binding",FALSE,FALSE,FALSE,FALSE,0,"intracellular",2
"P35579","MYH9",0.437691410362646,0.0911323355978355,14,199.494337144337,0.237194085907899,42,0.31,41,42,"robust_candidate","MYH9","myosin heavy chain 9 [Source:HGNC Symbol;Acc:HGNC:7579]","protein transport; membrane protein ectodomain proteolysis; cell adhesion; angiogenesis; regulation of cell shape; plasma membrane repair; actin cytoskeleton organization; integrin-mediated signaling pathway; cytoskeleton organization; regulated exocytosis; leukocyte migration; symbiont entry into host cell; cytokinetic process; regulation of actin filament-based process; actomyosin structure organization; lysosome localization; actin filament-based movement; blood vessel endothelial cell migration; monocyte differentiation; platelet formation; phagocytosis, engulfment; positive regulation of protein processing in phagocytic vesicle; regulation of plasma membrane repair; meiotic spindle organization; in utero embryonic development; establishment of T cell polarity; myoblast fusion; uropod organization; cell motility; establishment of meiotic spindle localization; cytoplasmic actin-based contraction involved in cell motility; cell-cell adhesion; cell morphogenesis; endodermal cell differentiation; cortical granule exocytosis; negative regulation of actin filament severing","myosin complex; nucleus; cytoplasm; plasma membrane; membrane; cytosol; cytoskeleton; focal adhesion; nuclear body; cytoplasmic vesicle; actin cytoskeleton; stress fiber; COP9 signalosome; cell cortex; protein-containing complex; ruffle; cell leading edge; cortical granule; supramolecular fiber; myosin II complex; myosin filament; actomyosin; immunological synapse; uropod; Golgi apparatus; spindle; actomyosin contractile ring; brush border; adherens junction; cytoplasmic side of plasma membrane; cortical cytoskeleton; neuromuscular junction; myosin II filament","ATP binding; protein binding; actin filament binding; cytoskeletal motor activity; RNA binding; nucleotide binding; actin binding; calmodulin binding; integrin binding; protein homodimerization activity; identical protein binding; virus receptor activity; protein domain specific binding; microfilament motor activity; cadherin binding; protein-membrane adaptor activity; ADP binding",TRUE,TRUE,TRUE,TRUE,4,"membrane",7
"P35613","BSG",0.453520325806487,0.0549877346132674,4,0,0.121466522872591,60,0,60,60,"robust_candidate","BSG","basigin (Ok blood group) [Source:HGNC Symbol;Acc:HGNC:1116]","angiogenesis; symbiont entry into host cell; neutrophil chemotaxis; protein localization to plasma membrane; cell surface receptor signaling pathway; axon guidance; homophilic cell adhesion via plasma membrane adhesion molecules; dendrite self-avoidance; neuron projection extension; embryo implantation; odontogenesis of dentin-containing tooth; response to peptide hormone; response to mercury ion; decidualization; response to cAMP; neural retina development; positive regulation of endothelial cell migration; positive regulation of viral entry into host cell; endothelial tube morphogenesis; positive regulation of matrix metallopeptidase secretion","plasma membrane; membrane; cell projection; endosome; mitochondrion; focal adhesion; endoplasmic reticulum; endoplasmic reticulum membrane; photoreceptor outer segment; photoreceptor inner segment; axon; acrosomal membrane","protein binding; carbohydrate binding; D-mannose binding; virus receptor activity; signaling receptor activity; cadherin binding; cell-cell adhesion mediator activity",FALSE,TRUE,TRUE,FALSE,2,"membrane",11
"P43121","MCAM",4.39409970059906,0.000912067993950594,4,1.40725108225108,0.552547131619038,11,0.64,10,12,"robust_candidate","MCAM","melanoma cell adhesion molecule [Source:HGNC Symbol;Acc:HGNC:6934]","cell adhesion; glomerular filtration; angiogenesis; anatomical structure morphogenesis; vascular wound healing; positive regulation of cell migration","membrane; focal adhesion; plasma membrane; extracellular region; extracellular space","protein binding; laminin receptor activity",FALSE,TRUE,TRUE,FALSE,2,"extracellular",9
"P51149","RAB7A",0.297997833210797,0.199740744985599,6,0,0.109773908466247,62,0.45,61,63,"robust_candidate","RAB7A","RAB7A, member RAS oncogene family [Source:HGNC Symbol;Acc:HGNC:9788]","lipid metabolic process; lipid catabolic process; autophagy; early endosome to late endosome transport; protein transport; retrograde transport, endosome to Golgi; positive regulation of exosomal secretion; autophagosome assembly; response to bacterium; protein localization to lysosome; phagosome-lysosome fusion; negative regulation of exosomal secretion; negative regulation of intralumenal vesicle formation; endosome to lysosome transport; protein to membrane docking; endocytosis; positive regulation of protein catabolic process; protein targeting to lysosome; epidermal growth factor catabolic process; viral release from host cell; positive regulation of viral process; lipophagy; phagosome maturation; phagosome acidification; establishment of vesicle localization; vesicle-mediated transport in synapse","membrane; cytosol; endosome; endosome membrane; mitochondrion; cytoplasmic vesicle; mitochondrial membrane; lysosome; late endosome; lysosomal membrane; phagocytic vesicle membrane; lipid droplet; plasma membrane; late endosome membrane; melanosome membrane; phagocytic vesicle; retromer complex; bounding membrane of organelle; autophagosome membrane; secretory granule membrane; synaptic vesicle membrane; glutamatergic synapse; cytoplasm; Golgi apparatus; phagophore assembly site membrane; alveolar lamellar body","GTPase activity; GTP binding; protein binding; hydrolase activity; nucleotide binding; G protein activity; retromer complex binding; GDP binding; small GTPase binding",TRUE,FALSE,FALSE,FALSE,1,"membrane",15
"P52292","KPNA2",1.49840356038263,0.0283347449377956,2,0,0.192079363218904,48,2.11,44,51,"weight_sensitive_candidate","KPNA2","karyopherin subunit alpha 2 [Source:HGNC Symbol;Acc:HGNC:6395]","protein import into nucleus; protein transport; positive regulation of DNA-templated transcription; entry of viral genome into host nucleus through nuclear pore complex via importin; positive regulation of viral life cycle; NLS-bearing protein import into nucleus; DNA metabolic process; regulation of DNA recombination","cytoplasm; nucleus; membrane; Golgi apparatus; cytosol; nucleoplasm; endoplasmic reticulum; endoplasmic reticulum membrane; nuclear membrane; host cell","protein binding; nuclear import signal receptor activity; RNA binding; nuclear localization sequence binding; histone deacetylase binding",FALSE,FALSE,FALSE,FALSE,0,"intracellular",4
"P52565","ARHGDIA",0.854389730062699,0.0170958130397314,4,0,0.176388726386393,51,1.39,50,54,"robust_candidate","ARHGDIA","Rho GDP dissociation inhibitor alpha [Source:HGNC Symbol;Acc:HGNC:678]","Rho protein signal transduction; negative regulation of apoptotic process; regulation of Rho protein signal transduction; semaphorin-plexin signaling pathway; regulation of protein localization","cytoplasm; cytoskeleton; membrane; cytosol; immunological synapse; nucleus","protein binding; Rho GDP-dissociation inhibitor activity; GTPase activator activity",FALSE,TRUE,FALSE,FALSE,1,"intracellular",0
"P54652","HSPA2",-0.454695232590478,0.210896570971856,2,0,0.065495591768782,71,0.45,69,71,"robust_candidate","HSPA2","heat shock protein family A (Hsp70) member 2 [Source:HGNC Symbol;Acc:HGNC:5235]","response to cold; cell differentiation; spermatogenesis; response to unfolded protein; negative regulation of inclusion body assembly; response to heat; male meiotic nuclear division; spermatid development; male meiosis I; positive regulation of G2/M transition of mitotic cell cycle","nucleus; cytoplasm; membrane; cytosol; cytoskeleton; spindle; plasma membrane; blood microparticle; meiotic spindle; synaptonemal complex; male germ cell nucleus","ATP binding; enzyme binding; nucleotide binding; protein binding; unfolded protein binding; ATP hydrolysis activity; protein folding chaperone; disordered domain specific binding; heat shock protein binding; tau protein binding; protein-folding chaperone binding; glycolipid binding",FALSE,FALSE,FALSE,FALSE,0,"membrane",2
"P54725","RAD23A",-0.00389867251994147,0.992709140420354,2,0,0,73,0,73,73,"robust_candidate","RAD23A","RAD23 homolog A, nucleotide excision repair protein [Source:HGNC Symbol;Acc:HGNC:9812]","nucleotide-excision repair; proteasome-mediated ubiquitin-dependent protein catabolic process; DNA repair; DNA damage response; positive regulation of cell cycle; regulation of proteasomal ubiquitin-dependent protein catabolic process; positive regulation of viral genome replication; protein destabilization; UV-damage excision repair; positive regulation of proteasomal ubiquitin-dependent protein catabolic process","nucleus; cytosol; nucleoplasm; Golgi apparatus; proteasome complex; protein-containing complex; cytoplasm","protein binding; damaged DNA binding; polyubiquitin modification-dependent protein binding; single-stranded DNA binding; ubiquitin binding; proteasome binding; ubiquitin-specific protease binding; kinase binding",FALSE,FALSE,FALSE,FALSE,0,"intracellular",1
"P55268","LAMB2",2.97025364331254,0.00696998449304999,16,0.333333333333333,0.468667857340103,18,0.57,17,19,"robust_candidate","LAMB2","laminin subunit beta 2 [Source:HGNC Symbol;Acc:HGNC:6487]","cell adhesion; positive regulation of cell adhesion; positive regulation of muscle cell differentiation; regulation of basement membrane organization; positive regulation of integrin-mediated signaling pathway; cell morphogenesis; axon guidance; neuromuscular junction development; visual perception; astrocyte development; Schwann cell development; neuron projection development; axon extension involved in regeneration; synapse organization; radial glial cell differentiation; retina development in camera-type eye; metanephric podocyte development; metanephric glomerular basement membrane development","extracellular region; basement membrane; laminin-3 complex; extracellular matrix; endoplasmic reticulum lumen; laminin-11 complex; protein complex involved in cell-matrix adhesion; neuromuscular junction; synaptic cleft; synapse; laminin complex","protein binding; extracellular matrix structural constituent; structural molecule activity; integrin binding; structural constituent of synapse-associated extracellular matrix",FALSE,FALSE,TRUE,FALSE,1,"extracellular",3
"P61088","UBE2N",1.00647390740892,0.181752591730059,4,95,0.196125861999164,46,0.94,45,48,"robust_candidate","UBE2N","ubiquitin conjugating enzyme E2 N [Source:HGNC Symbol;Acc:HGNC:12492]","protein ubiquitination; DNA repair; DNA damage response; protein polyubiquitination; proteasome-mediated ubiquitin-dependent protein catabolic process; negative regulation of TORC1 signaling; T cell receptor signaling pathway; cellular response to nutrient levels; TORC1 signaling; positive regulation of NF-kappaB transcription factor activity; positive regulation of double-strand break repair; double-strand break repair via homologous recombination; postreplication repair; DNA double-strand break processing; ubiquitin-dependent protein catabolic process; regulation of DNA repair; protein monoubiquitination; positive regulation of canonical NF-kappaB signal transduction; positive regulation of DNA repair; positive regulation of protein K63-linked ubiquitination; positive regulation of intracellular signal transduction","nucleus; cytoplasm; nucleoplasm; ubiquitin ligase complex; cytosol; UBC13-MMS2 complex; protein-containing complex; ubiquitin conjugating enzyme complex","RNA binding; transferase activity; nucleotide binding; ATP binding; protein binding; ubiquitin protein ligase binding; ubiquitin-protein transferase activity; ubiquitin conjugating enzyme activity; ubiquitin binding; ubiquitin-protein transferase activator activity",FALSE,FALSE,FALSE,FALSE,0,"intracellular",3
"P61586","RHOA",0.893185020661484,0.0209950607597007,30,383.669891367871,0.357414616980802,26,1.27,24,29,"robust_candidate","RHOA","ras homolog family member A [Source:HGNC Symbol;Acc:HGNC:667]","small GTPase-mediated signal transduction; cell division; mitotic cytokinesis; positive regulation of cell migration; wound healing, spreading of cells; skeletal muscle satellite cell migration; cell migration; positive regulation of canonical NF-kappaB signal transduction; regulation of cell migration; actin cytoskeleton organization; Roundabout signaling pathway; negative chemotaxis; regulation of actin cytoskeleton organization; cellular response to lipopolysaccharide; Rho protein signal transduction; cell junction assembly; cleavage furrow formation; positive regulation of protein serine/threonine kinase activity; establishment of epithelial cell apical/basal polarity; substantia nigra development; stress fiber assembly; positive regulation of T cell migration; positive regulation of non-canonical NF-kappaB signal transduction; positive regulation of cytokinesis; Wnt signaling pathway, planar cell polarity pathway; semaphorin-plexin signaling pathway; mitotic spindle assembly; substrate adhesion-dependent cell spreading; ossification involved in bone maturation; apical junction assembly; endothelial cell migration; cellular response to cytokine stimulus; positive regulation of leukocyte adhesion to vascular endothelial cell; positive regulation of lipase activity; regulation of focal adhesion assembly; aortic valve formation; positive regulation of stress fiber assembly; positive regulation of neuron differentiation; negative regulation of cell migration involved in sprouting angiogenesis; endothelial tube lumen extension; negative regulation of cell-substrate adhesion; cytoplasmic microtubule organization; regulation of osteoblast proliferation; bone trabecula morphogenesis; regulation of modification of postsynaptic structure; mitotic cleavage furrow formation; regulation of modification of postsynaptic actin cytoskeleton; cellular response to chemokine; motor neuron apoptotic process; cell morphogenesis; neuron migration; kidney development; angiotensin-mediated vasoconstriction involved in regulation of systemic arterial blood pressure; regulation of systemic arterial blood pressure by endothelin; regulation of transcription by RNA polymerase II; cytoskeleton organization; cell adhesion; cell-matrix adhesion; skeletal muscle tissue development; regulation of neuron projection development; cerebral cortex cell migration; forebrain radial glial cell differentiation; cell differentiation; androgen receptor signaling pathway; negative regulation of intracellular steroid hormone receptor signaling pathway; positive regulation of podosome assembly; positive regulation of vascular associated smooth muscle contraction; regulation of neural precursor cell proliferation; negative regulation of motor neuron apoptotic process; alpha-beta T cell lineage commitment; odontogenesis; beta selection; positive regulation of alpha-beta T cell differentiation; regulation of microtubule cytoskeleton organization; negative regulation of oxidative phosphorylation; negative regulation of reactive oxygen species biosynthetic process","nucleus; cytoplasm; plasma membrane; membrane; cell projection; cytosol; cytoskeleton; focal adhesion; dendrite; lamellipodium; midbody; cell cortex; cell periphery; endoplasmic reticulum membrane; cytoplasmic side of plasma membrane; apical junction complex; secretory granule membrane; cell junction; glutamatergic synapse; postsynapse; dendritic spine; vesicle; endosome","GTPase activity; GTP binding; protein binding; hydrolase activity; nucleotide binding; protein kinase binding; G protein activity; myosin binding",TRUE,TRUE,TRUE,TRUE,4,"membrane",63
"P61769","B2M",2.26227011810693,0.000165249161826686,2,0,0.34303414140783,29,1.48,26,31,"robust_candidate","B2M","beta-2-microglobulin [Source:HGNC Symbol;Acc:HGNC:914]","immune response; immune system process; antigen processing and presentation of peptide antigen via MHC class I; response to metal ion; positive regulation of T cell activation; positive regulation of receptor-mediated endocytosis; learning or memory; negative regulation of neurogenesis; antigen processing and presentation of exogenous peptide antigen via MHC class II; positive regulation of immune response; negative regulation of receptor-mediated endocytosis; transferrin transport; intracellular iron ion homeostasis; cellular response to iron ion; positive regulation of T cell cytokine production; antigen processing and presentation of endogenous peptide antigen via MHC class I; regulation of iron ion transport; negative regulation of iron ion transport; negative regulation of epithelial cell proliferation; protein homotetramerization; cellular response to nicotine; amyloid fibril formation; positive regulation of cellular senescence; negative regulation of forebrain neuron differentiation; T cell mediated cytotoxicity; positive regulation of T cell mediated cytotoxicity; response to molecule of bacterial origin; iron ion transport; negative regulation of neuron projection development; T cell differentiation in thymus; multicellular organismal-level iron ion homeostasis; cellular response to iron(III) ion; sensory perception of smell","extracellular region; extracellular space; membrane; cytosol; Golgi apparatus; plasma membrane; focal adhesion; endoplasmic reticulum; late endosome membrane; phagocytic vesicle membrane; HFE-transferrin receptor complex; endoplasmic reticulum lumen; specific granule lumen; tertiary granule lumen; ER to Golgi transport vesicle membrane; MHC class I peptide loading complex; lysosomal membrane; early endosome membrane; recycling endosome membrane; early endosome lumen","protein binding; structural molecule activity; identical protein binding; protein homodimerization activity; MHC class II protein complex binding",TRUE,FALSE,TRUE,TRUE,3,"extracellular",10
"P62826","RAN",0.501775249638168,0.181866091758819,6,95,0.173193935773952,52,0.51,51,53,"robust_candidate","RAN","RAN, member RAS oncogene family [Source:HGNC Symbol;Acc:HGNC:9846]","nucleocytoplasmic transport; glycolytic process; cell division; protein transport; mitotic spindle organization; mitotic sister chromatid segregation; protein import into nucleus; mitotic cell cycle; protein export from nucleus; GTP metabolic process; DNA metabolic process; ribosomal large subunit export from nucleus; ribosomal small subunit export from nucleus; viral process; ribosomal subunit export from nucleus; protein localization; actin cytoskeleton organization; protein-containing complex localization; spermatid development; hippocampus development; pre-miRNA export from nucleus; snRNA import into nucleus; cellular response to mineralocorticoid stimulus; protein localization to nucleolus","nucleus; cytoplasm; membrane; nucleoplasm; cytosol; nuclear envelope; nucleolus; midbody; centriole; protein-containing complex; nuclear pore; chromatin; recycling endosome; male germ cell nucleus; manchette","GTPase activity; GTP binding; protein binding; RNA binding; hydrolase activity; metal ion binding; nucleotide binding; chromatin binding; G protein activity; cadherin binding; GDP binding; protein heterodimerization activity; pre-miRNA binding; nuclear export signal receptor activity; protein domain specific binding; protein-containing complex binding; importin-alpha family protein binding",FALSE,TRUE,FALSE,FALSE,1,"vesicle/exosome",78
"P62873","GNB1",0.722785871677132,0.0497436684950498,6,6.14855275443511,0.189104903997156,49,0.45,48,50,"robust_candidate","GNB1","G protein subunit beta 1 [Source:HGNC Symbol;Acc:HGNC:4396]","signal transduction; G protein-coupled receptor signaling pathway; cellular response to prostaglandin E stimulus; Ras protein signal transduction; adenylate cyclase-activating dopamine receptor signaling pathway; cellular response to catecholamine stimulus; G protein-coupled acetylcholine receptor signaling pathway; phospholipase C-activating G protein-coupled receptor signaling pathway; cell population proliferation; sensory perception of taste; retina development in camera-type eye","heterotrimeric G-protein complex; lysosomal membrane; cytoplasm; plasma membrane; cytosol; extracellular vesicle; membrane; photoreceptor disc membrane; synapse; photoreceptor outer segment","protein binding; GTPase activity; protein-containing complex binding; signaling receptor complex adaptor activity; GTPase binding",TRUE,FALSE,FALSE,FALSE,1,"extracellular",0
"P62993","GRB2",0.34384955984094,0.349628977781601,10,45.9329684375512,0.172426487858588,53,1.02,50,53,"robust_candidate","GRB2","growth factor receptor bound protein 2 [Source:HGNC Symbol;Acc:HGNC:4566]","actin cytoskeleton organization; negative regulation of natural killer cell mediated cytotoxicity; T cell activation; epidermal growth factor receptor signaling pathway; signal transduction; T cell costimulation; Ras protein signal transduction; insulin receptor signaling pathway; regulation of MAPK cascade; positive regulation of reactive oxygen species metabolic process; signal transduction in response to DNA damage; receptor internalization; fibroblast growth factor receptor signaling pathway; positive regulation of actin filament polymerization; endodermal cell differentiation; negative regulation of epidermal growth factor receptor signaling pathway; anatomical structure formation involved in morphogenesis; branching involved in labyrinthine layer morphogenesis; Schwann cell development; myelination; insulin-like growth factor receptor signaling pathway; B cell receptor signaling pathway","nucleus; cytoplasm; Golgi apparatus; cytosol; endosome; centrosome; COP9 signalosome; plasma membrane; nucleoplasm; cell cortex; cell-cell junction; vesicle membrane; membrane","protein binding; RNA binding; identical protein binding; protein-macromolecule adaptor activity; ephrin receptor binding; protein domain specific binding; epidermal growth factor receptor binding; phosphotyrosine residue binding; protein kinase binding; insulin receptor substrate binding; neurotrophin TRKA receptor binding; guanyl-nucleotide exchange factor adaptor activity; transmembrane receptor protein tyrosine kinase adaptor activity; protein phosphatase binding",TRUE,TRUE,TRUE,FALSE,3,"membrane",9
"P67936","TPM4",-0.168809684631039,0.71889876674394,4,6.29484126984127,0.0737496712666727,69,0.39,68,70,"robust_candidate","TPM4","tropomyosin 4 [Source:HGNC Symbol;Acc:HGNC:12013]","osteoblast differentiation; actin filament organization; platelet formation; muscle contraction","cytoplasm; membrane; cytoskeleton; focal adhesion; muscle thin filament tropomyosin; cytosol; actin filament; stress fiber; podosome; cortical cytoskeleton","calcium ion binding; metal ion binding; actin binding; protein binding; identical protein binding; protein homodimerization activity; protein heterodimerization activity; actin filament binding; structural constituent of muscle",FALSE,FALSE,TRUE,FALSE,1,"intracellular",2
"P98160","HSPG2",2.11658801495104,0.000293919518724457,16,5.62285898855666,0.45666558385913,20,0.64,18,21,"robust_candidate","HSPG2","heparan sulfate proteoglycan 2 [Source:HGNC Symbol;Acc:HGNC:5273]","cell differentiation; angiogenesis; brain development; circulatory system development; negative regulation of angiogenesis; receptor-mediated endocytosis; inflammatory response; response to hypoxia; positive regulation of endothelial cell proliferation; lipid metabolic process; negative regulation of cell adhesion; smoothened signaling pathway; embryo implantation; negative regulation of cell population proliferation; response to xenobiotic stimulus; animal organ regeneration","extracellular space; extracellular region; focal adhesion; basement membrane; extracellular matrix; plasma membrane; Golgi lumen; neuron projection; lysosomal lumen; plasma membrane protein complex","protein binding; calcium ion binding; metal ion binding; amyloid-beta binding; low-density lipoprotein particle receptor binding; extracellular matrix structural constituent conferring compression resistance",FALSE,FALSE,TRUE,FALSE,1,"extracellular",5
"Q08431","MFGE8",2.35691253763335,0.000362962488891334,4,0,0.373891147685226,24,0.66,24,26,"robust_candidate","MFGE8","milk fat globule EGF and factor V/VIII domain containing [Source:HGNC Symbol;Acc:HGNC:7036]","cell adhesion; angiogenesis; single fertilization; apoptotic cell clearance","extracellular region; extracellular space; membrane; cytoplasmic vesicle; acrosomal membrane; extracellular matrix; endoplasmic reticulum lumen; extracellular vesicle","extracellular matrix structural constituent; phosphatidylserine binding; integrin binding",TRUE,FALSE,TRUE,FALSE,2,"extracellular",64
"Q08722","CD47",0.976813900687574,0.0325607108953137,12,0,0.24228026971446,41,0.31,41,42,"robust_candidate","CD47","CD47 molecule [Source:HGNC Symbol;Acc:HGNC:1682]","positive regulation of cell-cell adhesion; positive regulation of inflammatory response; positive regulation of phagocytosis; apoptotic process; cell adhesion; angiogenesis; inflammatory response; positive regulation of cell population proliferation; positive regulation of immune system process; cell-cell adhesion; positive regulation of T cell activation; negative regulation of phagocytosis; regulation of nitric oxide biosynthetic process; integrin-mediated signaling pathway; cell migration; ATP export; cellular response to type II interferon; positive regulation of stress fiber assembly; heterotypic cell-cell adhesion; cellular response to interleukin-1; cellular response to interleukin-12; regulation of Fc receptor mediated stimulatory signaling pathway; positive regulation of monocyte extravasation","plasma membrane; membrane; specific granule membrane; tertiary granule membrane","protein binding; cell-cell adhesion mediator activity; protein binding involved in heterotypic cell-cell adhesion",FALSE,TRUE,TRUE,TRUE,3,"membrane",73
"Q13813","SPTAN1",0.483220684943696,0.170824112614418,8,1.24166666666667,0.153845704285591,58,0.46,57,59,"robust_candidate","SPTAN1","spectrin alpha, non-erythrocytic 1 [Source:HGNC Symbol;Acc:HGNC:11273]","actin filament capping; actin cytoskeleton organization; cytoskeleton organization","cytoplasm; cytoskeleton; microtubule cytoskeleton; plasma membrane; extracellular region; cell cortex; cortical actin cytoskeleton; cytosol; cell junction; membrane; specific granule lumen; tertiary granule lumen; extracellular vesicle; cell projection; spectrin","protein binding; calcium ion binding; metal ion binding; actin binding; calmodulin binding; structural constituent of cytoskeleton; cadherin binding; actin filament binding",TRUE,TRUE,TRUE,FALSE,3,"extracellular",1
"Q14103","HNRNPD",-2.66041495386855,0.0710203433165112,12,630.628735863619,0.444091393386107,21,0.59,20,23,"robust_candidate","HNRNPD","heterogeneous nuclear ribonucleoprotein D [Source:HGNC Symbol;Acc:HGNC:5036]","rhythmic process; positive regulation of macromolecule biosynthetic process; positive regulation of DNA-templated transcription; regulation of DNA-templated transcription; regulation of circadian rhythm; regulation of gene expression; regulation of mRNA stability; positive regulation of translation; positive regulation of transcription by RNA polymerase II; RNA catabolic process; RNA processing; CRD-mediated mRNA stabilization; negative regulation of nuclear-transcribed mRNA catabolic process, deadenylation-dependent decay; positive regulation of cytoplasmic translation; positive regulation of telomere capping; liver development; positive regulation of gene expression; negative regulation of gene expression; cerebellum development; response to estradiol; response to calcium ion; response to electrical stimulus; 3'-UTR-mediated mRNA destabilization; cellular response to amino acid stimulus; cellular response to estradiol stimulus; cellular response to nitric oxide; circadian regulation of translation; response to rapamycin; response to sodium phosphate; cellular response to putrescine; hepatocyte dedifferentiation; regulation of RNA metabolic process","nucleus; cytoplasm; nucleoplasm; ribonucleoprotein complex; chromatin; cytosol; mCRD-mediated mRNA stability complex; postsynaptic density; synapse; glutamatergic synapse","RNA binding; nucleic acid binding; DNA binding; protein binding; telomeric DNA binding; minor groove of adenine-thymine-rich DNA binding; chromatin binding; mRNA binding; mRNA 3'-UTR AU-rich region binding; histone deacetylase binding",FALSE,FALSE,FALSE,FALSE,0,"intracellular",11
"Q14204","DYNC1H1",0.184863940489038,0.488756911015193,10,101.02380952381,0.160069842880499,56,0.7,55,58,"robust_candidate","DYNC1H1","dynein cytoplasmic 1 heavy chain 1 [Source:HGNC Symbol;Acc:HGNC:2961]","microtubule-based movement; cell division; mitotic spindle organization; cytoplasmic microtubule organization; positive regulation of intracellular transport; nuclear migration; regulation of mitotic spindle organization; retrograde axonal transport; positive regulation of spindle assembly; P-body assembly; stress granule assembly; establishment of spindle localization; regulation of metaphase plate congression","dynein complex; cytoplasm; membrane; cytoskeleton; microtubule; centrosome; extracellular region; axon cytoplasm; cytoplasmic dynein complex; cytosol; cytoplasmic microtubule; cell cortex; azurophil granule lumen; filopodium","ATP binding; ATP hydrolysis activity; dynein light intermediate chain binding; RNA binding; nucleotide binding; protein binding; identical protein binding",FALSE,TRUE,FALSE,FALSE,1,"extracellular",2
"Q14240","EIF4A2",0.288161805463993,0.645345560609303,6,0.5,0.0941329968490236,66,0.31,65,66,"robust_candidate","EIF4A2","eukaryotic translation initiation factor 4A2 [Source:HGNC Symbol;Acc:HGNC:3284]","translation; translational initiation; regulation of translational initiation; cytoplasmic translational initiation; cellular response to leukemia inhibitory factor; negative regulation of RNA-dependent RNA polymerase activity","cytosol; perinuclear region of cytoplasm","ATP binding; nucleic acid binding; RNA helicase activity; RNA binding; hydrolase activity; nucleotide binding; protein binding; helicase activity; translation initiation factor activity; ATP hydrolysis activity",FALSE,FALSE,FALSE,FALSE,0,"intracellular",0
"Q15185","PTGES3",0.498961498046647,0.470752272774601,8,26.1190476190476,0.162915926183631,55,0.73,54,57,"robust_candidate","PTGES3","prostaglandin E synthase 3 [Source:HGNC Symbol;Acc:HGNC:16049]","telomere maintenance via telomerase; lipid metabolic process; fatty acid metabolic process; prostaglandin biosynthetic process; fatty acid biosynthetic process; prostaglandin metabolic process; protein folding; telomere maintenance; chaperone-mediated protein complex assembly; signal transduction; protein stabilization; telomerase holoenzyme complex assembly; prostanoid biosynthetic process","nucleus; cytoplasm; chromosome, telomeric region; nucleoplasm; cytosol; protein folding chaperone complex; telomerase holoenzyme complex; protein-containing complex","Hsp90 protein binding; isomerase activity; protein binding; prostaglandin-E synthase activity; unfolded protein binding; protein-folding chaperone binding; telomerase activity",FALSE,FALSE,FALSE,FALSE,0,"intracellular",0
"Q15366","PCBP2",0.491318411631759,0.687436296610755,6,0,0.107712479933986,63,0.52,61,63,"robust_candidate","PCBP2","poly(rC) binding protein 2 [Source:HGNC Symbol;Acc:HGNC:8648]","defense response to virus; immune system process; innate immune response; regulation of transcription by RNA polymerase II; proteasome-mediated ubiquitin-dependent protein catabolic process; negative regulation of defense response to virus; viral RNA genome replication; mRNA metabolic process; cGAS/STING signaling pathway; negative regulation of cGAS/STING signaling pathway; IRES-dependent viral translational initiation","nucleus; cytoplasm; membrane; cytosol; nucleoplasm; focal adhesion; ribonucleoprotein complex","RNA binding; nucleic acid binding; enzyme binding; DNA binding; protein binding; ubiquitin protein ligase binding; mRNA binding; single-stranded DNA binding",FALSE,FALSE,TRUE,FALSE,1,"intracellular",4
"Q9Y230","RUVBL2",0.198600308993019,0.726050198640517,56,130.514386836521,0.269369716735172,40,1.3,36,40,"robust_candidate","RUVBL2","RuvB like AAA ATPase 2 [Source:HGNC Symbol;Acc:HGNC:10475]","DNA repair; DNA damage response; chromatin organization; negative regulation of DNA-templated transcription; positive regulation of transcription by RNA polymerase II; regulation of transcription by RNA polymerase II; chromatin remodeling; DNA recombination; regulation of DNA replication; cellular response to UV; positive regulation of double-strand break repair via homologous recombination; negative regulation of canonical Wnt signaling pathway; regulation of DNA strand elongation; establishment of protein localization to chromatin; regulation of chromosome organization; protein stabilization; regulation of DNA repair; positive regulation of DNA-templated transcription; regulation of DNA-templated transcription; protein folding; regulation of apoptotic process; cellular response to estradiol stimulus; regulation of embryonic development; regulation of cell cycle; regulation of double-strand break repair; telomere maintenance; positive regulation of DNA repair; positive regulation of telomere maintenance in response to DNA damage; box C/D snoRNP assembly; telomerase RNA localization to Cajal body","nucleus; cytoplasm; membrane; cytosol; nucleoplasm; centrosome; ciliary basal body; nucleosome; NuA4 histone acetyltransferase complex; MLL1 complex; protein folding chaperone complex; RPAP3/R2TP/prefoldin-like complex; Ino80 complex; Swr1 complex; euchromatin; R2TP complex; ribonucleoprotein complex","ATP binding; ATP hydrolysis activity; ATP-dependent activity, acting on DNA; hydrolase activity; nucleotide binding; protein binding; identical protein binding; helicase activity; transcription corepressor activity; RNA polymerase II cis-regulatory region sequence-specific DNA binding; beta-catenin binding; DNA helicase activity; chromatin DNA binding; unfolded protein binding; RNA polymerase II core promoter sequence-specific DNA binding; TFIID-class transcription factor complex binding; protein homodimerization activity; ADP binding; ATPase binding",FALSE,FALSE,FALSE,FALSE,0,"intracellular",0
"Q9Y265","RUVBL1",0.273586231404206,0.640775003789487,60,190.629818669713,0.286354631311035,37,1.69,32,38,"weight_sensitive_candidate","RUVBL1","RuvB like AAA ATPase 1 [Source:HGNC Symbol;Acc:HGNC:10474]","cell division; DNA repair; DNA damage response; chromatin organization; regulation of transcription by RNA polymerase II; DNA recombination; regulation of DNA replication; positive regulation of double-strand break repair via homologous recombination; chromatin remodeling; telomere maintenance; regulation of DNA repair; positive regulation of DNA repair; regulation of embryonic development; regulation of DNA strand elongation; positive regulation of telomere maintenance in response to DNA damage; positive regulation of canonical Wnt signaling pathway; protein stabilization; positive regulation of DNA-templated transcription; spermatogenesis; regulation of DNA-templated transcription; regulation of apoptotic process; regulation of cell cycle; regulation of double-strand break repair; regulation of chromosome organization; box C/D snoRNP assembly; telomerase RNA localization to Cajal body","nucleus; cytoplasm; nuclear speck; membrane; cytosol; nucleoplasm; cytoskeleton; ciliary basal body; centrosome; nucleosome; NuA4 histone acetyltransferase complex; MLL1 complex; protein folding chaperone complex; RPAP3/R2TP/prefoldin-like complex; ribonucleoprotein complex; Ino80 complex; Swr1 complex; R2TP complex","ATP binding; ATP hydrolysis activity; ATP-dependent activity, acting on DNA; hydrolase activity; nucleotide binding; protein binding; helicase activity; transcription coactivator activity; TFIID-class transcription factor complex binding; ADP binding; ATPase binding; DNA helicase activity; cadherin binding",FALSE,FALSE,FALSE,FALSE,0,"intracellular",0
"Q9Y266","NUDC",-0.0166273068367495,0.97540075271597,4,3.61904761904762,0.0507463271412047,72,0,72,72,"robust_candidate","NUDC","nuclear distribution C, dynein complex regulator [Source:HGNC Symbol;Acc:HGNC:8045]","cell division; protein folding; mitotic metaphase chromosome alignment; mitotic spindle organization; establishment of organelle localization; nuclear migration; response to peptide hormone","cytoplasm; nucleus; cytosol; cytoskeleton; microtubule; spindle; midbody; mitotic spindle; nucleoplasm","protein binding; cadherin binding; unfolded protein binding",FALSE,TRUE,FALSE,FALSE,1,"intracellular",0
